{"cameraMode":{"drawMode":0,"name":"Shaded","section":"Shading Mode"},"sceneLighting":false,"audioPlay":false,"sceneViewState":{"m_AlwaysRefresh":false,"showFog":true,"showSkybox":false,"showFlares":true,"showImageEffects":true,"showParticleSystems":true,"showVisualEffectGraphs":true,"m_FxEnabled":true},"in2DMode":false,"pivot":{"x":-0.0009061768651008606,"y":0.30006152391433718,"z":0.00009026378393173218},"rotation":{"x":-0.1434689611196518,"y":0.8505175709724426,"z":-0.2987668216228485,"w":-0.4084376096725464},"size":0.3974904417991638,"orthographic":false}