{"cameraMode":{"drawMode":0,"name":"Shaded","section":"Shading Mode"},"sceneLighting":true,"audioPlay":false,"sceneViewState":{"m_AlwaysRefresh":false,"showFog":true,"showSkybox":true,"showFlares":true,"showImageEffects":true,"showParticleSystems":true,"showVisualEffectGraphs":true,"m_FxEnabled":true},"in2DMode":false,"pivot":{"x":14.741267204284668,"y":3.00821590423584,"z":23.434078216552736},"rotation":{"x":-0.04948800802230835,"y":0.46117767691612246,"z":-0.02574758417904377,"w":-0.8856205940246582},"size":3.9765195846557619,"orthographic":false}