{"cameraMode":{"drawMode":0,"name":"Shaded","section":"Shading Mode"},"sceneLighting":true,"audioPlay":false,"sceneViewState":{"m_AlwaysRefresh":false,"showFog":true,"showSkybox":true,"showFlares":true,"showImageEffects":true,"showParticleSystems":true,"showVisualEffectGraphs":true,"m_FxEnabled":true},"in2DMode":false,"pivot":{"x":459.5364685058594,"y":216.15785217285157,"z":433.95703125},"rotation":{"x":-0.020810838788747789,"y":0.0021000299602746965,"z":-0.000021774936612928286,"w":-0.9998491406440735},"size":478.41326904296877,"orthographic":false}