{"cameraMode":{"drawMode":0,"name":"Shaded","section":"Shading Mode"},"sceneLighting":false,"audioPlay":false,"sceneViewState":{"m_AlwaysRefresh":false,"showFog":true,"showSkybox":false,"showFlares":true,"showImageEffects":true,"showParticleSystems":true,"showVisualEffectGraphs":true,"m_FxEnabled":true},"in2DMode":false,"pivot":{"x":-0.09194409847259522,"y":0.000013329088687896729,"z":-0.029605746269226075},"rotation":{"x":-0.1434689611196518,"y":0.8505175709724426,"z":-0.2987668216228485,"w":-0.4084376096725464},"size":0.7662004828453064,"orthographic":false}