{"cameraMode":{"drawMode":0,"name":"Shaded","section":"Shading Mode"},"sceneLighting":false,"audioPlay":false,"sceneViewState":{"m_AlwaysRefresh":false,"showFog":true,"showSkybox":false,"showFlares":true,"showImageEffects":true,"showParticleSystems":true,"showVisualEffectGraphs":true,"m_FxEnabled":true},"in2DMode":false,"pivot":{"x":-0.027090027928352357,"y":0.18189750611782075,"z":-0.027729183435440065},"rotation":{"x":-0.15420787036418916,"y":0.8324053287506104,"z":-0.28587427735328677,"w":-0.44903331995010378},"size":0.34983816742897036,"orthographic":false}